id,user_id,user_login,user_name,game_id,game_name,type,title,viewer_count,started_at,language,thumbnail_url,tag_ids,tags,is_mature,_custom_ended_at
40288810712,91517434,xenouu,Xenouu,417528,Albion Online,live,5300H+üî∂Solo Mists/Brumesüî∂Quel est ton plat pr√©f√©r√© ?,5,2023-01-05T19:31:22Z,fr,https://static-cdn.jtvnw.net/previews-ttv/live_user_xenouu-{width}x{height}.jpg,"['6f655045-9989-4ef7-8f85-1edcec42d648', '52d7e4cc-633d-46f5-818c-bb59102d9549']","['Vtuber', 'Fran√ßais']",False,2023-01-05T20:53:23Z
40289267512,199699699,nato_vtuber,nato_vtuber,509658,Just Chatting,live,{vtuber 3D fr/ital}  en parle d'un truc de s√©rieux ....,5,2023-01-05T20:37:12Z,fr,https://static-cdn.jtvnw.net/previews-ttv/live_user_nato_vtuber-{width}x{height}.jpg,['6f655045-9989-4ef7-8f85-1edcec42d648'],"['vtuber', 'vtuberfr', 'vtuberital', 'LGBTQIAPlus', 'LGBT', 'trans', 'Fran√ßais']",False,2023-01-05T20:56:59Z
40289074696,524188473,elimeakta,ElimeAkta,510185,Wolfy,live,Un peu de Wolfy,1,2023-01-05T20:19:52Z,fr,https://static-cdn.jtvnw.net/previews-ttv/live_user_elimeakta-{width}x{height}.jpg,"['0c7fba97-7a4e-4582-8515-f604027164db', '6f655045-9989-4ef7-8f85-1edcec42d648']","['Halloween', 'Vtuber', 'AktaElime', 'LoupGarou', 'Fran√ßais']",False,2023-01-05T20:56:59Z
46472754396,181829826,holofrance,holofrance,10209,LEGO Star Wars: The Complete Saga,live,[HOLO FRANCE] Lucifer en mdoe JEDI EPISODE 3,1,2023-01-05T19:56:07Z,fr,https://static-cdn.jtvnw.net/previews-ttv/live_user_holofrance-{width}x{height}.jpg,"['6f655045-9989-4ef7-8f85-1edcec42d648', '15530b1f-f40f-457c-8db2-23e0828518d9', 'e659959d-392f-44c5-83a5-fb959cdbaccc', 'be60ae5e-d52d-4dc4-b2a1-51c351a35f3d', '52d7e4cc-633d-46f5-818c-bb59102d9549']","['Vtuber', 'France', '100Pourcent', 'Asiatique', 'Fran√ßais']",False,2023-01-05T21:00:35Z
40289313560,796417580,sarionrigane,SarionRigane,1566403385,Death's Door,live,On joue un corbeau dieu de la mort tout mignon !,3,2023-01-05T20:42:51Z,fr,https://static-cdn.jtvnw.net/previews-ttv/live_user_sarionrigane-{width}x{height}.jpg,['6f655045-9989-4ef7-8f85-1edcec42d648'],"['furry', 'vtuber', 'france', 'Fran√ßais']",True,2023-01-05T21:02:25Z
40289451272,796417580,sarionrigane,SarionRigane,1566403385,Death's Door,live,On joue un corbeau dieu de la mort tout mignon !,3,2023-01-05T21:04:25Z,fr,https://static-cdn.jtvnw.net/previews-ttv/live_user_sarionrigane-{width}x{height}.jpg,['6f655045-9989-4ef7-8f85-1edcec42d648'],"['furry', 'vtuber', 'france', 'Fran√ßais']",True,2023-01-05T21:06:04Z
40289220408,675083336,nakarumiko,NakaruMiko,512710,Call of Duty: Warzone,live,TOURNOIS WARZONE + GAME WARZONE,1,2023-01-05T20:32:06Z,fr,https://static-cdn.jtvnw.net/previews-ttv/live_user_nakarumiko-{width}x{height}.jpg,['6f655045-9989-4ef7-8f85-1edcec42d648'],"['TDAH', 'Vtuber', 'LGBTQIAPlus', 'VtuberFR', 'safeplace', 'Fran√ßais']",False,2023-01-05T21:07:52Z
46472583324,114885601,eliebartender,ElieBartender,511701,Ready or Not,live,[VTuber] Reday or Not en mode not ready,2,2023-01-05T19:32:14Z,fr,https://static-cdn.jtvnw.net/previews-ttv/live_user_eliebartender-{width}x{height}.jpg,"['6f655045-9989-4ef7-8f85-1edcec42d648', 'be60ae5e-d52d-4dc4-b2a1-51c351a35f3d', '87461f91-8a5c-4233-92fd-38f321b8970d', '52d7e4cc-633d-46f5-818c-bb59102d9549']","['Vtuber', 'Acc√®sAnticip√©', 'France', 'Fran√ßais']",False,2023-01-05T21:11:27Z
46472725100,469848793,tensayuken_sama,Tensayuken_Sama,71375,Star Citizen,live,Toujours plus de spAAAAce !! Rejoins-moi !discord,8,2023-01-05T19:52:27Z,fr,https://static-cdn.jtvnw.net/previews-ttv/live_user_tensayuken_sama-{width}x{height}.jpg,['6f655045-9989-4ef7-8f85-1edcec42d648'],"['Vtuber', 'FrancƒÖis', 'Espagnol', 'Anglais', 'Coop', 'Discusssion', 'Conseils', 'chill', 'Discord']",False,2023-01-05T21:15:05Z
40289209784,43343279,tgvduplaisir,TGVduplaisir,21465,osu!,live,its missing o'clock,1,2023-01-05T20:31:07Z,fr,https://static-cdn.jtvnw.net/previews-ttv/live_user_tgvduplaisir-{width}x{height}.jpg,['6f655045-9989-4ef7-8f85-1edcec42d648'],"['anglais', 'Vtuber', 'Fran√ßais']",False,2023-01-05T21:15:05Z
46473054604,654737021,kiyoshihaku,KiyoshiHaku,1236716065,Pok√©mon MMO 3D,live,[Vtuber FR] Finir l'ar√®ne 8 et la ligue !discord,7,2023-01-05T20:27:03Z,fr,https://static-cdn.jtvnw.net/previews-ttv/live_user_kiyoshihaku-{width}x{height}.jpg,['6f655045-9989-4ef7-8f85-1edcec42d648'],"['Vtuber', 'France', 'Manga', 'Anime', 'Live2D', 'VtuberFR', 'FR', 'Fran√ßais']",False,2023-01-05T21:16:55Z
46471861436,623021224,itzrimuru,ItzRimuru,503116,Beat Saber,live,[FR] sa coupe fort ici !,1,2023-01-05T17:51:46Z,fr,https://static-cdn.jtvnw.net/previews-ttv/live_user_itzrimuru-{width}x{height}.jpg,['6f655045-9989-4ef7-8f85-1edcec42d648'],"['Vtuber', 'Fran√ßais']",False,2023-01-05T21:16:55Z
40289189432,246005657,araeshaa,Araeshaa,509660,Art,live,FR/EN Bunny girl o_o !discord !tools !commissions !links,25,2023-01-05T20:29:24Z,fr,https://static-cdn.jtvnw.net/previews-ttv/live_user_araeshaa-{width}x{height}.jpg,['6f655045-9989-4ef7-8f85-1edcec42d648'],"['Artnum√©rique', 'Vtuber', 'Cozy', 'OriginalCharacter', 'Anime', 'Fanart', 'Fran√ßais']",False,2023-01-05T21:18:43Z
46473064636,776425278,realitytravelers,RealityTravelers,509658,Just Chatting,live,"React 30 histoires ""myst√©rieuses"" partie 2 feat. Exsia (Ou peut √™tre pas finalement)",5,2023-01-05T20:27:57Z,fr,https://static-cdn.jtvnw.net/previews-ttv/live_user_realitytravelers-{width}x{height}.jpg,['6f655045-9989-4ef7-8f85-1edcec42d648'],"['pc', 'vtuber', 'vtuberfr', 'LeCaf√©', 'Fran√ßais', 'react', 'paranormal']",False,2023-01-05T21:18:43Z
46473054588,46726229,ruby_moony,Ruby_Moony,510336,Temtem,live,{VTUBER FR/EN} Kikikiki go chasser avec Marco ! ‚ô• | !commands,4,2023-01-05T20:27:03Z,fr,https://static-cdn.jtvnw.net/previews-ttv/live_user_ruby_moony-{width}x{height}.jpg,['6f655045-9989-4ef7-8f85-1edcec42d648'],"['LGBTQfriendly', 'SafePlace', 'Elle', 'PartieTranquille', 'Vtuber', 'Chill', 'Fran√ßais']",True,2023-01-05T21:18:43Z
40289230824,712546505,shinie_aka,Shinie_Aka,518184,Phasmophobia,live,[VTUBERFR] soir√©e horreur sur phasmo avec Setsu et les copain ;),2,2023-01-05T20:33:10Z,fr,https://static-cdn.jtvnw.net/previews-ttv/live_user_shinie_aka-{width}x{height}.jpg,['6f655045-9989-4ef7-8f85-1edcec42d648'],"['Vtuber', 'vtuberfr', 'nekogirl', 'Fran√ßais', 'ANƒ∞ME', 'GAMING']",False,2023-01-05T21:18:43Z
40289168648,210730107,kitsuvilo,KitsuVilo,1732431919,Sonic Frontiers,live,[EN/FR VTuber] Kitsune GOING FAST - Last Map today !discord !twitter,6,2023-01-05T20:27:49Z,fr,https://static-cdn.jtvnw.net/previews-ttv/live_user_kitsuvilo-{width}x{height}.jpg,['6f655045-9989-4ef7-8f85-1edcec42d648'],"['Fran√ßais', 'VTuber', 'VTuberFR', 'Chattingwtihviewers', 'Chill', 'Farm', 'English', 'SKILLissues', 'Casual', 'Anime']",False,2023-01-05T21:20:54Z
46473113404,136070925,minhs_art,Minhs_Art,509660,Art,live,[VTuber - FR] Commission pour @TataKleo ! // ‚ú®COMMISSION OPEN‚ú®,3,2023-01-05T20:33:22Z,fr,https://static-cdn.jtvnw.net/previews-ttv/live_user_minhs_art-{width}x{height}.jpg,['6f655045-9989-4ef7-8f85-1edcec42d648'],"['vtuber', 'art', 'artist', '2D', 'cr√©ation', 'smallbusiness', 'shop', 'Fran√ßais']",True,2023-01-05T21:20:54Z
40288861528,519935810,megamieldra,MegamiEldra,512953,Elden Ring,live,[VTuber FR] Je testeuh Elden Ring ! !rs !discord,2,2023-01-05T19:42:01Z,fr,https://static-cdn.jtvnw.net/previews-ttv/live_user_megamieldra-{width}x{height}.jpg,['6f655045-9989-4ef7-8f85-1edcec42d648'],"['Vtuber', 'France', 'VtuberFR', 'Fran√ßais']",False,2023-01-05T21:22:39Z
46471893532,671665488,mikaly_tv,Mikaly_TV,509660,Art,live,[Vtuber FR]  Cr√©ation du model Vtuber 2D pour Mellumine  ‚ô•  !discord !site !twitter,3,2023-01-05T17:56:22Z,fr,https://static-cdn.jtvnw.net/previews-ttv/live_user_mikaly_tv-{width}x{height}.jpg,['6f655045-9989-4ef7-8f85-1edcec42d648'],"['Vtuber', 'ArtCommissions', 'Anime', 'ffxiv', 'mikaly', 'girlvtuber', 'Fran√ßais']",False,2023-01-05T21:24:26Z
46472094412,91816657,gitanoflegend,GitanOfLegend,493036,Worms W.M.D,live,[Vtuber] [+18] Worms WDM avec midnight / addra et Kuro et ect ^^ ü¶ä,1,2023-01-05T18:26:01Z,fr,https://static-cdn.jtvnw.net/previews-ttv/live_user_gitanoflegend-{width}x{height}.jpg,['6f655045-9989-4ef7-8f85-1edcec42d648'],"['furry', 'vtuber', 'Chill', 'France', 'VtuberFR', 'FurryFR', 'switch', 'Fran√ßais']",True,2023-01-05T21:24:26Z
40286893672,739547596,sefikotv,SefikoTV,494925,Raft,live,üî¥ Je Carry Cayzen En Ranked !! #Fake - !reseaux !uwu !ara !chalut !son !lurk,2,2023-01-05T13:57:30Z,fr,https://static-cdn.jtvnw.net/previews-ttv/live_user_sefikotv-{width}x{height}.jpg,['6f655045-9989-4ef7-8f85-1edcec42d648'],"['Vtuber', 'Kitsune', 'Solo', 'Multijoueur', 'France', 'D√©tente', 'PartiesAvecLesSpectateurs', 'Fran√ßais']",False,2023-01-05T21:26:09Z
40725666377,42584530,masakifujiwara,MasakiFujiwara,493048,Fate/Grand Order,live,SABER!!! Wars II: Re üêØ ft. Murama-sama and Musashi-san~ üçÅ,3,2023-01-05T20:34:07Z,en,https://static-cdn.jtvnw.net/previews-ttv/live_user_masakifujiwara-{width}x{height}.jpg,['6ea6bca4-4712-4ab9-a906-e3336a9d8039'],"['Vtuber', 'Canada', 'Áéã', 'Heterochromia', 'Byakko', 'Nekomata', 'Anime', 'Mitsutomoe', 'English']",True,2023-01-05T21:26:09Z
46473202236,654585266,papye,Papye,26936,Music,live,[FR][vtuber]üëªMon premier jour j'apprends √† faire de la musique √† partir de z√©ro !üëª!discord !twitter !tiktok,3,2023-01-05T20:50:23Z,fr,https://static-cdn.jtvnw.net/previews-ttv/live_user_papye-{width}x{height}.jpg,"['52d7e4cc-633d-46f5-818c-bb59102d9549', 'be60ae5e-d52d-4dc4-b2a1-51c351a35f3d', '64d9afa6-139a-48d5-ab4e-51d0a92b22de', '325f7a22-26f4-4ad7-be48-f464de0b89ce', 'ddb625af-5920-49cc-9f13-3716f87941dc', '6f655045-9989-4ef7-8f85-1edcec42d648']","['Vtuber', 'France', 'ASMRAuditif', 'Fran√ßais']",False,2023-01-05T21:27:59Z
46473005148,542107745,holypite,HolyPite,515025,Overwatch 2,live,Du sang et des larmes... Ah non c'est overwatch,2,2023-01-05T20:20:57Z,fr,https://static-cdn.jtvnw.net/previews-ttv/live_user_holypite-{width}x{height}.jpg,['6f655045-9989-4ef7-8f85-1edcec42d648'],"['fran√ßais', 'Vtuber', 'Multiplayer', 'joueravecspectateur', 'pvp', 'Fran√ßais']",False,2023-01-05T21:27:59Z
46472436252,802388399,nectarinesama,NectarineSama,65654,The Elder Scrolls Online,live,[65]Nectanuit : D√©couverte teso,1,2023-01-05T19:12:20Z,fr,https://static-cdn.jtvnw.net/previews-ttv/live_user_nectarinesama-{width}x{height}.jpg,"['6f655045-9989-4ef7-8f85-1edcec42d648', 'be60ae5e-d52d-4dc4-b2a1-51c351a35f3d', '52d7e4cc-633d-46f5-818c-bb59102d9549']","['Vtuber', 'France', 'Fran√ßais']",False,2023-01-05T21:33:06Z
40288306424,178235450,bartchi,Bartchi,513181,Genshin Impact,live,üíéAR 24üíé Cet univers et quand m√™me magique ! => !commande !bartchi !discord !poke,19,2023-01-05T17:46:17Z,fr,https://static-cdn.jtvnw.net/previews-ttv/live_user_bartchi-{width}x{height}.jpg,['6f655045-9989-4ef7-8f85-1edcec42d648'],"['BartchiVr', 'vtuberfr', 'suisse', 'Multiplayer', 'PlayingWithViewers', 'PVP', 'Horror', 'Vtuber', 'Fran√ßais', 'VtuberFR']",False,2023-01-05T21:34:52Z
46472521596,175685622,seaiter,Seaiter,499003,VRChat,live,"üî¥[FR] On Passe Un Bon Moment Sur VRCHAT / 16% - RTX 4070 Ti / ""SEAITER""",15,2023-01-05T19:24:48Z,fr,https://static-cdn.jtvnw.net/previews-ttv/live_user_seaiter-{width}x{height}.jpg,['6f655045-9989-4ef7-8f85-1edcec42d648'],"['Fran√ßais', 'Fortnite', 'BATTLLEROYALE', 'Shƒ±ba', 'vTuber', 'TIkTok', 'Youtube']",False,2023-01-05T21:36:38Z
46471830108,62112058,yullaw,Yullaw,1966920233,Impostor,live,[Impostor] Un pingouin qui attends toujours √† l'heure ! !discord !help,10,2023-01-05T17:46:26Z,fr,https://static-cdn.jtvnw.net/previews-ttv/live_user_yullaw-{width}x{height}.jpg,['6f655045-9989-4ef7-8f85-1edcec42d648'],"['Vtuber', 'Dessin', 'Fun', 'chill', 'Goodvibeonly', 'leagueofflegends', 'FallGuys', 'Fran√ßais', 'amongUs', 'fran√ßais']",False,2023-01-05T21:36:38Z
40289542232,478245317,frenhir,Frenhir,99457716,Zorya: The Celestial Sisters,live,[FR] D√©pla√ßons nous dans l'ombre avec Zero !üêß,1,2023-01-05T21:19:31Z,fr,https://static-cdn.jtvnw.net/previews-ttv/live_user_frenhir-{width}x{height}.jpg,['6f655045-9989-4ef7-8f85-1edcec42d648'],"['Vtuber', 'VtuberFR', 'Fran√ßais']",False,2023-01-05T21:36:38Z
40289535880,712546505,shinie_aka,Shinie_Aka,518184,Phasmophobia,live,[VTUBERFR] soir√©e horreur sur phasmo avec Setsu et les copain ;),1,2023-01-05T21:18:49Z,fr,https://static-cdn.jtvnw.net/previews-ttv/live_user_shinie_aka-{width}x{height}.jpg,['6f655045-9989-4ef7-8f85-1edcec42d648'],"['Vtuber', 'vtuberfr', 'nekogirl', 'Fran√ßais', 'ANƒ∞ME', 'GAMING']",False,2023-01-05T21:36:38Z
46471557372,427103901,lunhaadviin,Lunhaadviin,490379,Tom Clancy's Ghost Recon: Wildlands,live,La sneki des foug√®res,6,2023-01-05T16:53:04Z,fr,https://static-cdn.jtvnw.net/previews-ttv/live_user_lunhaadviin-{width}x{height}.jpg,['6f655045-9989-4ef7-8f85-1edcec42d648'],"['VtuberFR', 'Vtuber', 'Fran√ßais', 'lgbt']",True,2023-01-05T21:41:59Z
46472725996,604271932,dr_rehkpe_,Dr_Rehkpe_,497412,Ori and the Will of the Wisps,live,[FR] - Notre aventure continue avec Ori,4,2023-01-05T19:52:36Z,fr,https://static-cdn.jtvnw.net/previews-ttv/live_user_dr_rehkpe_-{width}x{height}.jpg,['6f655045-9989-4ef7-8f85-1edcec42d648'],"['Vtuberfr', 'LeCaf√©', 'Fritubers', 'Musicien', 'Vtuber', 'GrillePain', 'France', 'Fr', 'JDR', 'Fran√ßais']",True,2023-01-05T21:45:48Z
46472612044,92118325,fenikusu_chimamire,fenikusu_chimamire,21779,League of Legends,live,game chill,2,2023-01-05T19:36:11Z,fr,https://static-cdn.jtvnw.net/previews-ttv/live_user_fenikusu_chimamire-{width}x{height}.jpg,['6f655045-9989-4ef7-8f85-1edcec42d648'],"['Vtuber', 'Fran√ßais', 'furry', 'chill']",True,2023-01-05T21:49:29Z
40289714232,796417580,sarionrigane,SarionRigane,1566403385,Death's Door,live,On joue un corbeau dieu de la mort tout mignon !,4,2023-01-05T21:47:16Z,fr,https://static-cdn.jtvnw.net/previews-ttv/live_user_sarionrigane-{width}x{height}.jpg,['6f655045-9989-4ef7-8f85-1edcec42d648'],"['furry', 'vtuber', 'france', 'Fran√ßais']",True,2023-01-05T21:49:29Z
46473299132,469848793,tensayuken_sama,Tensayuken_Sama,71375,Star Citizen,live,Toujours plus de spAAAAce !! Rejoins-moi !discord,14,2023-01-05T21:14:37Z,fr,https://static-cdn.jtvnw.net/previews-ttv/live_user_tensayuken_sama-{width}x{height}.jpg,['6f655045-9989-4ef7-8f85-1edcec42d648'],"['Vtuber', 'FrancƒÖis', 'Espagnol', 'Anglais', 'Coop', 'Discusssion', 'Conseils', 'chill', 'Discord']",False,2023-01-05T21:51:13Z
46473236460,158908098,nenokoo,Nenokoo,490644,Divinity: Original Sin II,live,üå∏‚ú®Continuons l'aventure üå∏‚ú®,5,2023-01-05T20:58:54Z,fr,https://static-cdn.jtvnw.net/previews-ttv/live_user_nenokoo-{width}x{height}.jpg,"['6f655045-9989-4ef7-8f85-1edcec42d648', '52d7e4cc-633d-46f5-818c-bb59102d9549', 'c51a3b9a-f7d6-464e-a6a0-3e2fac85a543']","['Vtuber', 'TroubleBipolaire', 'Fran√ßais']",True,2023-01-05T21:51:13Z
46472792332,59386878,ayermantv,AyerMantv,511224,Apex Legends,live,Chilling,2,2023-01-05T20:00:12Z,fr,https://static-cdn.jtvnw.net/previews-ttv/live_user_ayermantv-{width}x{height}.jpg,['6f655045-9989-4ef7-8f85-1edcec42d648'],"['Tired', 'LGBTQIA', 'Corn', 'Furry', 'Vtuber', 'Fran√ßais']",True,2023-01-05T21:51:13Z
40289140792,93142566,gingavt,GingaVT,518017,Resident Evil Village,live,[VTuber FR]  Go aller voir la belle Lady Dimitrescu ! üòç| !discord !social,5,2023-01-05T20:25:36Z,fr,https://static-cdn.jtvnw.net/previews-ttv/live_user_gingavt-{width}x{height}.jpg,['6f655045-9989-4ef7-8f85-1edcec42d648'],"['Fran√ßais', 'Vtuber', 'VtuberFR', 'FR', 'Chill', 'Suisse', 'Alien']",True,2023-01-05T21:54:34Z
46471107196,167025096,missflamme,MissFlamme,516086,Grounded,live,[FR] De retour dans le jardin avec Tenebruce (MascaradeGames),7,2023-01-05T14:00:24Z,fr,https://static-cdn.jtvnw.net/previews-ttv/live_user_missflamme-{width}x{height}.jpg,['6f655045-9989-4ef7-8f85-1edcec42d648'],"['Femme', 'D√©tente', 'Elle', 'Vtuber', 'France', 'StreamHer', 'Bienveillante', 'Calme', 'VtuberFR', 'Fran√ßais']",True,2023-01-05T21:59:38Z
46472656684,125722679,mikuunya_kg,MikuunyA_KG,512864,Eternal Return,live,[VTuberFR] 5e Stream de 2023 - Le retour de Eternal Return - !subgoals !discord - !kappagaming - !social,3,2023-01-05T19:42:24Z,fr,https://static-cdn.jtvnw.net/previews-ttv/live_user_mikuunya_kg-{width}x{height}.jpg,['6f655045-9989-4ef7-8f85-1edcec42d648'],"['Fran√ßais', 'vtuber', 'vtuberFR', 'Transgender', 'StreamHer', 'Sigma', 'Formula1', 'F1vTuberFR', 'TrashTuber', 'UbisoftPartner']",False,2023-01-05T21:59:38Z
46472214124,433556778,mascaradegames,MascaradeGames,516086,Grounded,live,[Tenebruce] La cabane au fond du jardin.,2,2023-01-05T18:45:42Z,fr,https://static-cdn.jtvnw.net/previews-ttv/live_user_mascaradegames-{width}x{height}.jpg,"['6f655045-9989-4ef7-8f85-1edcec42d648', '34cd9d78-4b9f-4c3e-a747-bd6f2e15391b', 'be60ae5e-d52d-4dc4-b2a1-51c351a35f3d', '52d7e4cc-633d-46f5-818c-bb59102d9549']","['Vtuber', 'France', 'Homme', 'Fran√ßais']",True,2023-01-05T21:59:38Z
46472802220,587097855,les_gribouilles,Les_Gribouilles,417752,Talk Shows & Podcasts,live,"[üéÄ ùì•ùìΩùìæùì´ùìÆùìª ùìØùìª üéÄ ] Chu, le petit clown fant√¥me üëª / Dans Ma Toile #1 / !dmt !invit√©e",26,2023-01-05T20:00:48Z,fr,https://static-cdn.jtvnw.net/previews-ttv/live_user_les_gribouilles-{width}x{height}.jpg,['6f655045-9989-4ef7-8f85-1edcec42d648'],"['vtuber', 'vtuberfr', 'fr', 'LeCaf√©', 'art', 'dessin', 'illustration', 'discussion', 'interview', 'podcast']",False,2023-01-05T22:02:55Z
46472485884,866249470,wom_banal,Wom_Banal,512980,Fall Guys,live,Ce Stream est tout √† fait Banal !,1,2023-01-05T19:19:43Z,fr,https://static-cdn.jtvnw.net/previews-ttv/live_user_wom_banal-{width}x{height}.jpg,"['6f655045-9989-4ef7-8f85-1edcec42d648', '52d7e4cc-633d-46f5-818c-bb59102d9549', 'be60ae5e-d52d-4dc4-b2a1-51c351a35f3d']","['Vtuber', 'France', 'Fran√ßais']",False,2023-01-05T22:02:55Z
40289731000,796417580,sarionrigane,SarionRigane,1566403385,Death's Door,live,On joue un corbeau dieu de la mort tout mignon !,2,2023-01-05T21:50:30Z,fr,https://static-cdn.jtvnw.net/previews-ttv/live_user_sarionrigane-{width}x{height}.jpg,['6f655045-9989-4ef7-8f85-1edcec42d648'],"['furry', 'vtuber', 'france', 'Fran√ßais']",True,2023-01-05T22:06:15Z
40289728792,441252004,yggdrasilygg,Yggdrasilygg,,,live,Petit live de Pokemon Violet  pour  Shiney,3,2023-01-05T21:50:02Z,fr,https://static-cdn.jtvnw.net/previews-ttv/live_user_yggdrasilygg-{width}x{height}.jpg,['6f655045-9989-4ef7-8f85-1edcec42d648'],"['Vtuber', 'fran√ßais', 'Johanna', 'Yggdrasil', 'Meggy', 'pokemon', 'violet', 'shasse', 'chochodile', 'Fran√ßais']",False,2023-01-05T22:06:15Z
40289815112,796417580,sarionrigane,SarionRigane,1566403385,Death's Door,live,On joue un corbeau dieu de la mort tout mignon !,0,2023-01-05T22:07:21Z,fr,https://static-cdn.jtvnw.net/previews-ttv/live_user_sarionrigane-{width}x{height}.jpg,['6f655045-9989-4ef7-8f85-1edcec42d648'],"['furry', 'vtuber', 'france', 'Fran√ßais']",True,2023-01-05T22:08:23Z
46471923100,767367475,hakaisurtwitch,HakaiSurTwitch,509658,Just Chatting,live,"Petits jeux, papotage, aide aux devoirs ! [Vocal Ouvert] || !discord || !insta",3,2023-01-05T18:00:01Z,fr,https://static-cdn.jtvnw.net/previews-ttv/live_user_hakaisurtwitch-{width}x{height}.jpg,['6f655045-9989-4ef7-8f85-1edcec42d648'],"['vtuber', 'france', 'UnTagInutile', 'defi', 'challenge', 'ViewerandPlay', 'drop', 'Fran√ßais', 'Gamewithfollowers', 'jeuxaveclesviewers']",True,2023-01-05T22:08:23Z
40288924904,164110739,zeloow,Zeloow,511224,Apex Legends,live,Wassup peepos ~ [FR/EN] / !throne !discord !social,7,2023-01-05T19:55:21Z,fr,https://static-cdn.jtvnw.net/previews-ttv/live_user_zeloow-{width}x{height}.jpg,['6f655045-9989-4ef7-8f85-1edcec42d648'],"['Vtuber', 'English', 'Fran√ßais']",False,2023-01-05T22:10:01Z
40289062984,500743979,ashenfor,Ashenfor,512953,Elden Ring,live,[FR] Vous ne verrez qu'un Avali qui stream | Elden Ring !discord,2,2023-01-05T20:19:09Z,fr,https://static-cdn.jtvnw.net/previews-ttv/live_user_ashenfor-{width}x{height}.jpg,['6f655045-9989-4ef7-8f85-1edcec42d648'],"['vtuber', 'vtubefr', 'Avali', 'Fran√ßais']",True,2023-01-05T22:10:01Z
40289219176,630589060,banjolourse,banjolourse,561013832,Pok√©mon Legends: Arceus,live,CHASSE AU SHINY,1,2023-01-05T20:32:00Z,fr,https://static-cdn.jtvnw.net/previews-ttv/live_user_banjolourse-{width}x{height}.jpg,['6f655045-9989-4ef7-8f85-1edcec42d648'],"['Vtuber', 'France', 'Francais']",False,2023-01-05T22:10:01Z
40289818904,796417580,sarionrigane,SarionRigane,1566403385,Death's Door,live,On joue un corbeau dieu de la mort tout mignon !,3,2023-01-05T22:08:08Z,fr,https://static-cdn.jtvnw.net/previews-ttv/live_user_sarionrigane-{width}x{height}.jpg,['6f655045-9989-4ef7-8f85-1edcec42d648'],"['furry', 'vtuber', 'france', 'Fran√ßais']",True,2023-01-05T22:11:38Z
46472293564,210165500,jetdxt,JetDXT,512864,Eternal Return,live,Du eternal return dans la d√©tente la plus absolue [FR/EN] [VTUBER],6,2023-01-05T18:56:25Z,fr,https://static-cdn.jtvnw.net/previews-ttv/live_user_jetdxt-{width}x{height}.jpg,['6f655045-9989-4ef7-8f85-1edcec42d648'],"['vtuber', 'vtuberFR', 'english', 'french', 'anglais', 'fran√ßais', 'Fran√ßais']",True,2023-01-05T22:13:14Z
40287062136,115262228,hungergameuryt,HungerGameurYT,497456,Days Gone,live,(CHILL) Stream Fatigu√© :3 | Anime | Discussion [Vtuber FR] !discord !liens,3,2023-01-05T14:26:08Z,fr,https://static-cdn.jtvnw.net/previews-ttv/live_user_hungergameuryt-{width}x{height}.jpg,['6f655045-9989-4ef7-8f85-1edcec42d648'],"['Fran√ßais', 'Chill', 'France', 'D√©tente', 'Vtuber', 'VtuberFR']",False,2023-01-05T22:13:14Z
40289382488,112343756,ruki_hoi,Ruki_Hoi,500627,GTFO,live,S'AGIRAI D'√äTRE BON AU JEU A UN MOMENT ! Soir√©e GTF¬§ avec les potes c:,3,2023-01-05T20:52:42Z,fr,https://static-cdn.jtvnw.net/previews-ttv/live_user_ruki_hoi-{width}x{height}.jpg,['6f655045-9989-4ef7-8f85-1edcec42d648'],"['Vtuber', 'Fran√ßais']",False,2023-01-05T22:13:14Z
46472777580,146815830,dreynachan,dreynachan,497480,Detroit: Become Human,live,Episode 1 Je deviens une Vstremeuse robotis√© ! | !discord | !commandes |,1,2023-01-05T19:58:36Z,fr,https://static-cdn.jtvnw.net/previews-ttv/live_user_dreynachan-{width}x{height}.jpg,['6f655045-9989-4ef7-8f85-1edcec42d648'],"['France', 'Multijoueur', 'Vtuber', 'Fran√ßais']",True,2023-01-05T22:13:14Z
40288488856,247192236,neph73,NEPH73,493597,New World,live,[Moment Jeux]|| Comment c'est passez ta journ√©e √† tu avancer dans tes objectif ? || !Neph !Youtube !Discord,2,2023-01-05T18:24:53Z,fr,https://static-cdn.jtvnw.net/previews-ttv/live_user_neph73-{width}x{height}.jpg,['6f655045-9989-4ef7-8f85-1edcec42d648'],"['Multigaming', 'Vroid', 'Anime', 'Aventure', 'Difficile', 'Autiste', 'Asperger', 'Passion', 'VTuber', 'Fran√ßais']",True,2023-01-05T22:14:49Z
46472548268,100937355,ackile,Ackile,515025,Overwatch 2,live,Partie avec les viewers ^^,8,2023-01-05T19:28:25Z,fr,https://static-cdn.jtvnw.net/previews-ttv/live_user_ackile-{width}x{height}.jpg,['6f655045-9989-4ef7-8f85-1edcec42d648'],"['Loquace', 'D√©tente', 'vtuber', 'vtuberBE', 'belgique', 'anime', 'vtuberfr', 'safeplace', 'chill', 'Partiesaveclesspectateurs']",False,2023-01-05T22:16:23Z
46473319228,776425278,realitytravelers,RealityTravelers,509658,Just Chatting,live,"React 30 histoires ""myst√©rieuses"" partie 2 feat. Exsia (Ou peut √™tre pas finalement)",3,2023-01-05T21:19:48Z,fr,https://static-cdn.jtvnw.net/previews-ttv/live_user_realitytravelers-{width}x{height}.jpg,['6f655045-9989-4ef7-8f85-1edcec42d648'],"['pc', 'vtuber', 'vtuberfr', 'LeCaf√©', 'Fran√ßais', 'react', 'paranormal']",False,2023-01-05T22:16:23Z
46472244764,69196187,vinkoven_,Vinkoven_,491931,Escape from Tarkov,live,[VtuberFr‚úîÔ∏è] been chillin !,2,2023-01-05T18:50:13Z,fr,https://static-cdn.jtvnw.net/previews-ttv/live_user_vinkoven_-{width}x{height}.jpg,['6f655045-9989-4ef7-8f85-1edcec42d648'],"['France', 'Vtuber', 'Fran√ßais', 'FPS', 'vtuberfr', 'anxi√©t√©', 'Depression']",False,2023-01-05T22:16:23Z
46473200124,86880296,m_saster,M_Saster,494364,Death Stranding,live,Oh No !,12,2023-01-05T20:49:57Z,fr,https://static-cdn.jtvnw.net/previews-ttv/live_user_m_saster-{width}x{height}.jpg,['6f655045-9989-4ef7-8f85-1edcec42d648'],"['horreur', 'challenge', 'ps1', 'nanar', 'multiplayer', 'lgbtqiaplus', 'PVP', 'PlayingWithViewers', 'VTuber', 'Fran√ßais']",True,2023-01-05T22:18:00Z
40289357240,170361930,lokiniel,Lokiniel,1089438810,Among Us,live,Un lapin Imposteur ? Ou Nyon ?,3,2023-01-05T20:49:03Z,fr,https://static-cdn.jtvnw.net/previews-ttv/live_user_lokiniel-{width}x{height}.jpg,"['6f655045-9989-4ef7-8f85-1edcec42d648', '52d7e4cc-633d-46f5-818c-bb59102d9549', '2193eee1-b8f0-43bd-a6d9-dba8a67528a1']","['TDAH', 'Vtuber', 'Fran√ßais']",False,2023-01-05T22:18:00Z
46473243212,846238543,miyunatvasmr,miyunatvasmr,509659,ASMR,live,ASMR with French Mommy !youtube,292,2023-01-05T21:00:11Z,fr,https://static-cdn.jtvnw.net/previews-ttv/live_user_miyunatvasmr-{width}x{height}.jpg,['6f655045-9989-4ef7-8f85-1edcec42d648'],"['Vtuber', 'VtuberFR', 'ASMR', 'VisualASMR', 'French', 'Fran√ßais', 'English']",True,2023-01-05T22:19:37Z
46471402380,76422942,myolune,Myolune,838226069,The Callisto Protocol,live,üåô‚ô° j'ai d√©j√† peur oskour venez me chercher ‚ô° MYO'RROR NIGHT N¬∞2 - THE CALLISTO PROTOCOL ‚ô° !ko-fi !goodies,58,2023-01-05T16:00:00Z,fr,https://static-cdn.jtvnw.net/previews-ttv/live_user_myolune-{width}x{height}.jpg,['6f655045-9989-4ef7-8f85-1edcec42d648'],"['Vtuber', 'VtuberFR', 'frVtuber', 'Cat', 'Horror', 'Fran√ßais']",False,2023-01-05T22:21:12Z
46473334828,136070925,minhs_art,Minhs_Art,509660,Art,live,[VTuber - FR] Commission pour @TataKleo ! // ‚ú®COMMISSION OPEN‚ú®,3,2023-01-05T21:21:17Z,fr,https://static-cdn.jtvnw.net/previews-ttv/live_user_minhs_art-{width}x{height}.jpg,['6f655045-9989-4ef7-8f85-1edcec42d648'],"['vtuber', 'art', 'artist', '2D', 'cr√©ation', 'smallbusiness', 'shop', 'Fran√ßais']",True,2023-01-05T22:21:12Z
40288998648,40393806,sedeto,Sedeto,509660,Art,live,[Vtuber fr/en] I'M BACK let's draw tonight and finish illus!,22,2023-01-05T20:10:45Z,fr,https://static-cdn.jtvnw.net/previews-ttv/live_user_sedeto-{width}x{height}.jpg,['6f655045-9989-4ef7-8f85-1edcec42d648'],"['Vtuber', 'Anime', 'Japon', 'manga', 'Fran√ßais']",False,2023-01-05T22:22:47Z
40288718968,70597564,zykiel,Zykiel,510336,Temtem,live,[VTuber FR] Temtem - !twitter !discord !tiktok,7,2023-01-05T19:12:45Z,fr,https://static-cdn.jtvnw.net/previews-ttv/live_user_zykiel-{width}x{height}.jpg,"['6f655045-9989-4ef7-8f85-1edcec42d648', 'be60ae5e-d52d-4dc4-b2a1-51c351a35f3d', '52d7e4cc-633d-46f5-818c-bb59102d9549']","['Vtuber', 'France', 'Fran√ßais']",False,2023-01-05T22:22:47Z
40289765912,199699699,nato_vtuber,nato_vtuber,509658,Just Chatting,live,{vtuber 3D fr/ital}  en parle d'un truc de s√©rieux ....,1,2023-01-05T21:57:26Z,fr,https://static-cdn.jtvnw.net/previews-ttv/live_user_nato_vtuber-{width}x{height}.jpg,['6f655045-9989-4ef7-8f85-1edcec42d648'],"['vtuber', 'vtuberfr', 'vtuberital', 'LGBTQIAPlus', 'LGBT', 'trans', 'Fran√ßais']",False,2023-01-05T22:24:22Z
46473179196,49661912,im_minmin,Im_MinMin,941530474,Mario Kart 8 Deluxe,live,[VTUBERFR]VROUMM  ‚ú® !Discord,23,2023-01-05T20:45:38Z,fr,https://static-cdn.jtvnw.net/previews-ttv/live_user_im_minmin-{width}x{height}.jpg,['6f655045-9989-4ef7-8f85-1edcec42d648'],"['Vtuber', 'VtuberFR', 'fran√ßais', 'france', 'friend', 'Fran√ßais']",False,2023-01-05T22:25:56Z
40287712232,467624909,minacass_,Minacass_,509660,Art,live,[FR/EN] Art collab on magma! !sr,4,2023-01-05T16:12:39Z,fr,https://static-cdn.jtvnw.net/previews-ttv/live_user_minacass_-{width}x{height}.jpg,['6f655045-9989-4ef7-8f85-1edcec42d648'],"['Vtuber', 'Fairy', 'Neko', 'english', 'Fran√ßais']",False,2023-01-05T22:29:00Z
46471027564,45961015,aikamorii,AikaMorii,497412,Ori and the Will of the Wisps,live,ùì¶ùì™ùì≤ùìØùìæ ùì£ùì™ùì∑ùìæùì¥ùì≤ doit retrouve Kun! !redbubble !wishlist !piou !voix,41,2023-01-05T13:18:16Z,fr,https://static-cdn.jtvnw.net/previews-ttv/live_user_aikamorii-{width}x{height}.jpg,['6f655045-9989-4ef7-8f85-1edcec42d648'],"['Vtuber', 'Tanuki', 'English', 'VtuberFR', 'Fran√ßais']",True,2023-01-05T22:32:07Z
40288927992,694273579,tauripleia,TauriPleia,491735,Paper Mario: Color Splash,live,PAPER MARIO COLOR SPLASH ! OMG LE RETOUR !,5,2023-01-05T19:55:46Z,fr,https://static-cdn.jtvnw.net/previews-ttv/live_user_tauripleia-{width}x{height}.jpg,['6f655045-9989-4ef7-8f85-1edcec42d648'],"['vtuber', 'french', 'chill', 'adventure', 'france', 'vtuberfr', 'vtuberen', 'Fran√ßais']",False,2023-01-05T22:32:07Z
40289255384,789952501,shio_ryuo,Shio_Ryuo,513181,Genshin Impact,live,"[FR/EN][Genshin][18+] Le retour des Abysses 2, la vengeance de la r√©surrection !",6,2023-01-05T20:35:48Z,fr,https://static-cdn.jtvnw.net/previews-ttv/live_user_shio_ryuo-{width}x{height}.jpg,"['52d7e4cc-633d-46f5-818c-bb59102d9549', 'be60ae5e-d52d-4dc4-b2a1-51c351a35f3d', '6f655045-9989-4ef7-8f85-1edcec42d648']","['Vtuber', 'France', 'Fran√ßais']",True,2023-01-05T22:32:07Z
46472885644,678819934,takashi_kikanda,takashi_kikanda,18122,World of Warcraft,live,[FR/EN/Êó•Êú¨Ë™û] Soir√©e chill raid sur WoW !  Ft. Glucoz,1,2023-01-05T20:10:56Z,fr,https://static-cdn.jtvnw.net/previews-ttv/live_user_takashi_kikanda-{width}x{height}.jpg,['6f655045-9989-4ef7-8f85-1edcec42d648'],"['Vtuber', 'Fran√ßais']",False,2023-01-05T22:32:07Z
46472827836,441899983,dydoutv_,DydouTV_,509658,Just Chatting,live,üåôVTUBER FRüåô Viens discutez avec ton pourfendeur l√©gendaire !‚òÄÔ∏è !r√©seaux,9,2023-01-05T20:03:11Z,fr,https://static-cdn.jtvnw.net/previews-ttv/live_user_dydoutv_-{width}x{height}.jpg,['6f655045-9989-4ef7-8f85-1edcec42d648'],"['Vtuber', 'VtuberFR', 'D√©tente', 'Chill', 'France', 'Francais', 'Int√©ractif', 'Interactif', 'Fran√ßais']",False,2023-01-05T22:35:13Z
40288932088,835546262,kaguyarp,kaguyaRP,497467,Monster Hunter: World,live,FR PC redecouverte du jeu avec snake !tiktok !yt o/,1,2023-01-05T19:56:47Z,fr,https://static-cdn.jtvnw.net/previews-ttv/live_user_kaguyarp-{width}x{height}.jpg,['6f655045-9989-4ef7-8f85-1edcec42d648'],"['AMA', 'Vtuber', 'Fran√ßais']",True,2023-01-05T22:35:13Z
40289121304,554668530,linceyy,Linceyy,26936,Music,live,„Äê KARAOKE „Äë2/3 musiques pas plus !socials !discords !comms,13,2023-01-05T20:23:31Z,fr,https://static-cdn.jtvnw.net/previews-ttv/live_user_linceyy-{width}x{height}.jpg,"['6f655045-9989-4ef7-8f85-1edcec42d648', '02ba4017-ed3b-4b82-ab20-011860784f77', 'f2d10665-9980-452a-b091-f0ca30777d4b', 'be60ae5e-d52d-4dc4-b2a1-51c351a35f3d', '64d9afa6-139a-48d5-ab4e-51d0a92b22de', '52d7e4cc-633d-46f5-818c-bb59102d9549']","['Vtuber', 'ASMRAuditif', 'France', 'Dessin', 'ArtNum√©rique', 'Fran√ßais']",True,2023-01-05T22:36:43Z
46472470412,758482007,okaawaa,OkaaWaa,362350179,Potion Craft,live,J'vous concocte un p'tit truc ? ~ [Vtuber FR/ENG],5,2023-01-05T19:17:27Z,fr,https://static-cdn.jtvnw.net/previews-ttv/live_user_okaawaa-{width}x{height}.jpg,"['6f655045-9989-4ef7-8f85-1edcec42d648', 'be60ae5e-d52d-4dc4-b2a1-51c351a35f3d', '52d7e4cc-633d-46f5-818c-bb59102d9549']","['Vtuber', 'France', 'Fran√ßais']",True,2023-01-05T22:36:43Z
46472304620,65442821,gallifan,Gallifan,509660,Art,live,"[VTUBING] Objectif de 2023, se d√©brouiller en dessin !",5,2023-01-05T18:57:21Z,fr,https://static-cdn.jtvnw.net/previews-ttv/live_user_gallifan-{width}x{height}.jpg,['6f655045-9989-4ef7-8f85-1edcec42d648'],"['fran√ßais', 'vtuber', 'anime', 'manga', 'france', 'VTUBING', 'chien', 'lgbt', 'pan', 'english']",False,2023-01-05T22:36:43Z
46473100460,66481253,yuu_vt,Yuu_VT,511864,Persona 5 Royal,live,"Six f√ªts, six caisses le doigt dans le tr*u du f√ªt la main entre les caisses üòã | BONNE ANNEE üíö | !bodypillow - !don",10,2023-01-05T20:31:37Z,fr,https://static-cdn.jtvnw.net/previews-ttv/live_user_yuu_vt-{width}x{height}.jpg,['6f655045-9989-4ef7-8f85-1edcec42d648'],"['VtuberFR', 'Vtuber', 'Femme', 'Anime', 'FRVtuber', 'Chill', 'Fran√ßais']",True,2023-01-05T22:38:13Z
46473423308,164312136,the_nsg,the_nsg,21779,League of Legends,live,[ Vtuber FR ] Petite ranked sur lol avec notre teemo,2,2023-01-05T21:45:57Z,fr,https://static-cdn.jtvnw.net/previews-ttv/live_user_the_nsg-{width}x{height}.jpg,['6f655045-9989-4ef7-8f85-1edcec42d648'],"['Fran√ßais', 'Teemo', 'ranked', 'vtuber', 'victoria', 'victoria3']",False,2023-01-05T22:38:13Z
46472635020,518535206,amacky_exe,Amacky_exe,491487,Dead by Daylight,live,[No-PTB] Retour des streams ! !discord,6,2023-01-05T19:39:26Z,fr,https://static-cdn.jtvnw.net/previews-ttv/live_user_amacky_exe-{width}x{height}.jpg,['6f655045-9989-4ef7-8f85-1edcec42d648'],"['Horreur', 'Fun', 'Multijoueur', 'DeadByDaylight', 'Killer', 'Survivor', 'VTuber', 'Amacky', 'Fran√ßais']",False,2023-01-05T22:39:43Z
40289112840,808434795,timmy1147,timmy1147,511224,Apex Legends,live,ON CASSE DES FESSES AVEC ZED  !discord !tiktok,1,2023-01-05T20:22:43Z,fr,https://static-cdn.jtvnw.net/previews-ttv/live_user_timmy1147-{width}x{height}.jpg,['6f655045-9989-4ef7-8f85-1edcec42d648'],"['multiplayer', 'Ôº∞Ôº∂Ôº∞', 'vtUBER', 'playinWithViewers', 'subathon']",False,2023-01-05T22:39:43Z
40288612168,186886523,illa_ygo,Illa_YGO,1119642287,Yu-Gi-Oh! Master Duel,live,üöÄ TOAD BEST MATE üöÄ DIAMANT GRIND üöÄ 3 IQ MAX üöÄ AINTNOWAY  üöÄ,1,2023-01-05T18:49:30Z,fr,https://static-cdn.jtvnw.net/previews-ttv/live_user_illa_ygo-{width}x{height}.jpg,"['6f655045-9989-4ef7-8f85-1edcec42d648', 'ac763b17-7bea-4632-9eb4-d106689ff409', '2193eee1-b8f0-43bd-a6d9-dba8a67528a1', 'be60ae5e-d52d-4dc4-b2a1-51c351a35f3d', '52d7e4cc-633d-46f5-818c-bb59102d9549']","['Vtuber', 'TDAH', 'PartiesAvecLesSpectateurs', 'France', 'Fran√ßais']",False,2023-01-05T22:41:13Z
40288891032,614801895,aibeev,AIBeeV,358302053,Soulstice,live,[VTuber FR/EN] Fin de l'acte IV ?,5,2023-01-05T19:48:00Z,fr,https://static-cdn.jtvnw.net/previews-ttv/live_user_aibeev-{width}x{height}.jpg,['6f655045-9989-4ef7-8f85-1edcec42d648'],"['VTuber', 'Fran√ßais']",True,2023-01-05T22:42:41Z
40289332952,489306692,roomm25,Roomm25,21779,League of Legends,live,[ RANK B IV] j'essaie de m'amuser sur LOL,2,2023-01-05T20:45:20Z,fr,https://static-cdn.jtvnw.net/previews-ttv/live_user_roomm25-{width}x{height}.jpg,['6f655045-9989-4ef7-8f85-1edcec42d648'],"['Vtuber', 'Fran√ßais']",True,2023-01-05T22:42:41Z
40724846761,711174521,tsuki_the_hobby_squire,Tsuki_The_Hobby_Squire,1228709591,A Plague Tale: Requiem,live,Neko-catgirl üò∏ des rats et des soldatsüêÄ QC FR,1,2023-01-05T17:52:05Z,fr,https://static-cdn.jtvnw.net/previews-ttv/live_user_tsuki_the_hobby_squire-{width}x{height}.jpg,['6f655045-9989-4ef7-8f85-1edcec42d648'],"['Qc', 'Fr', 'Vtuber', 'TDA', 'Vtuberqc', 'Vtuberfr', 'Fran√ßais', 'PasDeSpoiler']",True,2023-01-05T22:44:11Z
40289089832,613629787,sayanel_nirtavt,Sayanel_NirtaVT,513181,Genshin Impact,live,üéÜChill sur genshin avec Mako üéÜ || !MMD !luminien !discord,1,2023-01-05T20:20:49Z,fr,https://static-cdn.jtvnw.net/previews-ttv/live_user_sayanel_nirtavt-{width}x{height}.jpg,"['6f655045-9989-4ef7-8f85-1edcec42d648', 'be60ae5e-d52d-4dc4-b2a1-51c351a35f3d', '52d7e4cc-633d-46f5-818c-bb59102d9549']","['Vtuber', 'France', 'Fran√ßais']",True,2023-01-05T22:45:38Z
46472590956,148005011,emarcanine,Emarcanine,65876,Cyberpunk 2077,live,"On,est de retour sur la ville de night city sur CYBERPUNK 2077  (FR)",9,2023-01-05T19:33:15Z,fr,https://static-cdn.jtvnw.net/previews-ttv/live_user_emarcanine-{width}x{height}.jpg,['6f655045-9989-4ef7-8f85-1edcec42d648'],"['Vtuber', 'Furry', 'VtuberFr', 'Fran√ßais']",True,2023-01-05T22:48:32Z
46472701772,539243462,alyss_ix,Alyss_IX,509660,Art,live,Au boulot sur une petite commissionüåô[Commissions Open] [FR/EN] !comms !discord !link !shop !DTIY,11,2023-01-05T19:48:55Z,fr,https://static-cdn.jtvnw.net/previews-ttv/live_user_alyss_ix-{width}x{height}.jpg,['6f655045-9989-4ef7-8f85-1edcec42d648'],"['fran√ßais', 'anglais', 'art', 'vtuber', 'Fran√ßais']",True,2023-01-05T22:53:01Z
46471923420,767391880,aoseki_vt,Aoseki_Vt,506415,Sekiro: Shadows Die Twice,live,Sekiro hard mod : Oskour,8,2023-01-05T18:00:04Z,fr,https://static-cdn.jtvnw.net/previews-ttv/live_user_aoseki_vt-{width}x{height}.jpg,['6f655045-9989-4ef7-8f85-1edcec42d648'],"['vtuberfr', 'Japon', 'Manga', 'Anime', 'M√©decine', 'vtuber', 'Oskour', 'France', 'Fran√ßais']",False,2023-01-05T22:53:01Z
46471739932,102110845,saepik,Saepik,509660,Art,live,[VTUBER FR|EN]  EST CE QUE VOUS PENSEZ QUE LA SCIENCE CA DESTRESSE LES GENS ?! !commissions !discord !secretsanta,6,2023-01-05T17:30:07Z,fr,https://static-cdn.jtvnw.net/previews-ttv/live_user_saepik-{width}x{height}.jpg,"['6f655045-9989-4ef7-8f85-1edcec42d648', 'df448da8-7082-45b2-92ad-c624dba6551f', '52d7e4cc-633d-46f5-818c-bb59102d9549', '02ba4017-ed3b-4b82-ab20-011860784f77', 'be60ae5e-d52d-4dc4-b2a1-51c351a35f3d', '86bd38a4-8ef9-4e4a-892f-f4d0aa336d67']","['France', 'ArtNum√©rique', 'Vtuber', '≈íuvresDArtCommissionn√©es', 'Fran√ßais']",False,2023-01-05T22:54:29Z
40288974040,628831161,coeurdepingouintv,CoeurDePingouinTv,490744,Stardew Valley,live,On attend l'√©t√© en chillant #16,20,2023-01-05T20:05:35Z,fr,https://static-cdn.jtvnw.net/previews-ttv/live_user_coeurdepingouintv-{width}x{height}.jpg,['6f655045-9989-4ef7-8f85-1edcec42d648'],"['VTuber', 'Fran√ßais', 'chill']",True,2023-01-05T22:55:55Z
46473035564,733455092,oneami_,Oneami_,369380,Dying Light,live,[Vtuber] Chassons du Zombie ! [FR],7,2023-01-05T20:25:23Z,fr,https://static-cdn.jtvnw.net/previews-ttv/live_user_oneami_-{width}x{height}.jpg,['6f655045-9989-4ef7-8f85-1edcec42d648'],"['Vtuber', 'chill', 'vtuberfr', 'fran√ßais', 'vtubeuse', 'FR', 'Popcorn', 'Fran√ßais', 'ZOMBIE']",True,2023-01-05T22:55:55Z
40289093448,459841705,lilloune,Lilloune,490279,Tales of Berseria,live,üå∏Velvet on est l√† pour toi !üå∏!wishlist !discordüå∏,7,2023-01-05T20:21:06Z,fr,https://static-cdn.jtvnw.net/previews-ttv/live_user_lilloune-{width}x{height}.jpg,['6f655045-9989-4ef7-8f85-1edcec42d648'],"['Chill', 'D√©mone', 'vtuber', 'streamer', 'Anglais', 'Fran√ßais']",True,2023-01-05T22:58:44Z
46472148380,792927816,luiroilefuret,LuiroiLeFuret,508455,Valheim,live,[Vtuber] [FR] Je veux faire un beau village ‚ô•,133,2023-01-05T18:34:18Z,fr,https://static-cdn.jtvnw.net/previews-ttv/live_user_luiroilefuret-{width}x{height}.jpg,['6f655045-9989-4ef7-8f85-1edcec42d648'],"['furry', 'vtuber', 'fr', 'lgbt', 'friendly', 'furet', 'luiroi', 'anglais', 'english', 'Fran√ßais']",True,2023-01-05T23:00:08Z
46473361004,654585266,papye,Papye,509658,Just Chatting,live,[FR][vtuber]üëªMon premier jour j'apprends √† faire de la musique √† partir de z√©ro !üëª!discord !twitter !tiktok,2,2023-01-05T21:27:48Z,fr,https://static-cdn.jtvnw.net/previews-ttv/live_user_papye-{width}x{height}.jpg,"['6f655045-9989-4ef7-8f85-1edcec42d648', '52d7e4cc-633d-46f5-818c-bb59102d9549', 'be60ae5e-d52d-4dc4-b2a1-51c351a35f3d', '64d9afa6-139a-48d5-ab4e-51d0a92b22de', '325f7a22-26f4-4ad7-be48-f464de0b89ce', 'ddb625af-5920-49cc-9f13-3716f87941dc']","['Vtuber', 'France', 'ASMRAuditif', 'Fran√ßais']",False,2023-01-05T23:00:08Z
46473219436,43061487,hadh,HadH,110758,The Legend of Zelda: Breath of the Wild,live,[FR] Je m'entra√Æne √† faire des windbomb au calme avant de commencer ma nouvelle super partie de ouf.,11,2023-01-05T20:54:29Z,fr,https://static-cdn.jtvnw.net/previews-ttv/live_user_hadh-{width}x{height}.jpg,['6f655045-9989-4ef7-8f85-1edcec42d648'],"['France', 'Vtuber', 'VTuber', 'Illustration', 'digitalArt', 'procreate', 'Fran√ßais']",False,2023-01-05T23:01:33Z
46473090860,157985080,teasingjester,TeasingJester,1833197007,Tower of Fantasy,live,"üÄÑMahjong chinois dans ToF ! Avec Negius, Mad et Anko",4,2023-01-05T20:30:28Z,fr,https://static-cdn.jtvnw.net/previews-ttv/live_user_teasingjester-{width}x{height}.jpg,['6f655045-9989-4ef7-8f85-1edcec42d648'],"['VTuber', 'Gaming', 'VStreamer', 'Gacha', 'Conseils', 'Guide', 'Aide', 'Fran√ßais']",False,2023-01-05T23:01:33Z
46473442268,469848793,tensayuken_sama,Tensayuken_Sama,71375,Star Citizen,live,3.18 PTU Wave 1 en retard mais allons voir ! Rejoins-moi !discord,5,2023-01-05T21:52:12Z,fr,https://static-cdn.jtvnw.net/previews-ttv/live_user_tensayuken_sama-{width}x{height}.jpg,['6f655045-9989-4ef7-8f85-1edcec42d648'],"['Vtuber', 'FrancƒÖis', 'Espagnol', 'Anglais', 'Coop', 'Discusssion', 'Conseils', 'chill', 'Discord']",False,2023-01-05T23:02:57Z
40289407576,539191741,aerea_tv,Aerea_TV,492934,Resident Evil 7: Biohazard,live,[VTUBEUSE] Une egirl en larmes sur RE 7...,4,2023-01-05T20:56:57Z,fr,https://static-cdn.jtvnw.net/previews-ttv/live_user_aerea_tv-{width}x{height}.jpg,"['52d7e4cc-633d-46f5-818c-bb59102d9549', '6f655045-9989-4ef7-8f85-1edcec42d648']","['Vtuber', 'Fran√ßais']",False,2023-01-05T23:04:19Z
46473223708,493944627,kirby_chimmy,kirby_chimmy,516575,VALORANT,live,[VTUBERFR] Try to One taps,3,2023-01-05T20:55:38Z,fr,https://static-cdn.jtvnw.net/previews-ttv/live_user_kirby_chimmy-{width}x{height}.jpg,"['6f655045-9989-4ef7-8f85-1edcec42d648', 'cc8d5abb-39c9-4942-a1ee-e1558512119e', '8bbdb07d-df18-4f82-a928-04a9003e9a7e', '52d7e4cc-633d-46f5-818c-bb59102d9549']","['Vtuber', 'LGBTQIAPlus', 'PartieTranquille', 'Fran√ßais']",False,2023-01-05T23:04:19Z
46472916732,80748795,zeburiall,ZebUriall,518213,It Takes Two,live,Je prend deux le grand retour ! [Vtuber FR] !discord,2,2023-01-05T20:15:09Z,fr,https://static-cdn.jtvnw.net/previews-ttv/live_user_zeburiall-{width}x{height}.jpg,"['6f655045-9989-4ef7-8f85-1edcec42d648', '52d7e4cc-633d-46f5-818c-bb59102d9549']","['Vtuber', 'Fran√ßais']",False,2023-01-05T23:04:19Z
46471979036,658272633,pawa_chan,Pawa_Chan,509658,Just Chatting,live,[VTUBER] GRRR GRRR GRRRRR GRRR GRR üßü‚Äç‚ôÄÔ∏è ‡∏Ö^‚Ä¢Ôªå‚Ä¢^‡∏Ö,70,2023-01-05T18:06:22Z,fr,https://static-cdn.jtvnw.net/previews-ttv/live_user_pawa_chan-{width}x{height}.jpg,['6f655045-9989-4ef7-8f85-1edcec42d648'],"['Chant', 'Vtuber', 'ASMRAuditif', 'ASMRVisuel', 'MMORPG', 'Anime', 'Vtuberfr', 'Fran√ßais']",False,2023-01-05T23:05:40Z
46472781836,160312652,mlle_shanelle,Mlle_Shanelle,491487,Dead by Daylight,live,MAIN KILLERüíÄ Soir√©e th√®me perks non m√©taü•µ (PTB OFF) !com !youtube !discord !planning,46,2023-01-05T19:58:57Z,fr,https://static-cdn.jtvnw.net/previews-ttv/live_user_mlle_shanelle-{width}x{height}.jpg,['6f655045-9989-4ef7-8f85-1edcec42d648'],"['Vtuber', 'Fun', 'Chill', 'Humour', 'FPS', 'Horreur', 'Action', 'VtuberFR', '4Gamers', 'Fran√ßais']",True,2023-01-05T23:07:00Z
46472930348,161011946,rifyz_wav,RIFYZ_wav,508455,Valheim,live,On continue Valheim avec Neckogami et Bluedragonfr,18,2023-01-05T20:16:00Z,fr,https://static-cdn.jtvnw.net/previews-ttv/live_user_rifyz_wav-{width}x{height}.jpg,['6f655045-9989-4ef7-8f85-1edcec42d648'],"['vtuber', 'furry', 'owo', 'uwu', 'fun', 'keymailer', 'Discution', 'vrchat', 'Fran√ßais']",False,2023-01-05T23:08:22Z
46472289548,65150404,karnillia,Karnillia,428452832,We Were Here Forever,live,[Collab] Je jure de pas tuer mon camarade ! ~ ‚ù§ Petit √† petit les canards font leurs nids ‚ù§ ~ !throne,4,2023-01-05T18:56:07Z,fr,https://static-cdn.jtvnw.net/previews-ttv/live_user_karnillia-{width}x{height}.jpg,"['6f655045-9989-4ef7-8f85-1edcec42d648', '81e9d348-82e5-4c4f-a140-d2b3779b912d', '52d7e4cc-633d-46f5-818c-bb59102d9549', 'be60ae5e-d52d-4dc4-b2a1-51c351a35f3d', '8ba227ca-073c-46a7-b3cc-193e52c5ab4d']","['LetsPlay', 'France', 'Vtuber', 'D√©tente', 'Fran√ßais']",False,2023-01-05T23:08:22Z
46472420844,554539963,shouyuhikaru,ShouyuHikaru,428452832,We Were Here Forever,live,[5/365] Collab avec @karnilla et TENTER de finir *sigh*,5,2023-01-05T19:10:20Z,fr,https://static-cdn.jtvnw.net/previews-ttv/live_user_shouyuhikaru-{width}x{height}.jpg,['6f655045-9989-4ef7-8f85-1edcec42d648'],"['Vtuber', 'VtuberFR', 'Fran√ßais']",False,2023-01-05T23:09:44Z
40288922248,277795133,mikimiya_,Mikimiya_,24241,Final Fantasy XIV Online,live,[FR-FFXIV] Chill en Eorzea c: | !discord !betterttv,3,2023-01-05T19:54:57Z,fr,https://static-cdn.jtvnw.net/previews-ttv/live_user_mikimiya_-{width}x{height}.jpg,['6f655045-9989-4ef7-8f85-1edcec42d648'],"['vtuber', 'Fran√ßais']",False,2023-01-05T23:11:06Z
46472763068,57851663,negius_oniyama,Negius_Oniyama,1833197007,Tower of Fantasy,live,"[Oni VTuber FR/EN] Mahjong sur Tower of fantasy avec Jester ,Anko et Mad",14,2023-01-05T19:56:56Z,fr,https://static-cdn.jtvnw.net/previews-ttv/live_user_negius_oniyama-{width}x{height}.jpg,['6f655045-9989-4ef7-8f85-1edcec42d648'],"['vtuber', 'sligthlyASMR', 'Oni', 'Fran√ßais']",True,2023-01-05T23:15:03Z
46473155420,96204905,mirmoulou,Mirmoulou,509660,Art,live,[#147] RECO - On reprend nos dessins cata d'√©motes_ !question,2,2023-01-05T20:40:47Z,fr,https://static-cdn.jtvnw.net/previews-ttv/live_user_mirmoulou-{width}x{height}.jpg,['6f655045-9989-4ef7-8f85-1edcec42d648'],"['Vtuber', 'vtuberFR', 'fran√ßais', 'chill', 'sel', 'PasDou√©', 'Fran√ßais']",False,2023-01-05T23:17:44Z
46471838700,139056935,akitogun,AkitoGun,511224,Apex Legends,live,üîû Je suis de retour ^^ !üéÆ  Vtuber FRüéß,7,2023-01-05T17:47:53Z,fr,https://static-cdn.jtvnw.net/previews-ttv/live_user_akitogun-{width}x{height}.jpg,['6f655045-9989-4ef7-8f85-1edcec42d648'],"['Vtuber', 'France', 'Vstreamer', 'VtuberFR', 'VstreamerFR', 'Lapin', 'AMA', 'Fr', 'Fran√ßais']",False,2023-01-05T23:19:02Z
40289535896,413568220,hoshitsune,HoshiTsune,509549,Pummel Party,live,"[FR/EN]‚≠êPummel party, viens jouer!!‚≠ê !sociallinks !monthgift !rank !wishlist",10,2023-01-05T21:18:49Z,fr,https://static-cdn.jtvnw.net/previews-ttv/live_user_hoshitsune-{width}x{height}.jpg,['6f655045-9989-4ef7-8f85-1edcec42d648'],"['Vtuber', 'LoL', 'PvP', 'PlayingWithViewers', 'Multiplayer', 'Girl', 'chill']",False,2023-01-05T23:22:51Z
46473069708,827757461,hestia_vtuber,Hestia_VTuber,24241,Final Fantasy XIV Online,live,[Vtuber FR] üêæü¶áL'aventure d'une Miqo'te healeuse  !ü¶áüêæ !Discord,6,2023-01-05T20:28:27Z,fr,https://static-cdn.jtvnw.net/previews-ttv/live_user_hestia_vtuber-{width}x{height}.jpg,['6f655045-9989-4ef7-8f85-1edcec42d648'],"['FR', 'VtuberFR', 'Vtuber', 'animes', 'discussion', 'chill', 'LIVE2D', 'Fran√ßais']",False,2023-01-05T23:30:24Z
46472768636,84053297,xernys,Xernys,516915,Mortal Shell,live,[VtuberFR] On essaie de pas rager,2,2023-01-05T19:57:52Z,fr,https://static-cdn.jtvnw.net/previews-ttv/live_user_xernys-{width}x{height}.jpg,['6f655045-9989-4ef7-8f85-1edcec42d648'],"['Fran√ßais', 'Vtuber', 'VTuber']",True,2023-01-05T23:30:24Z
40289239176,104646274,shakolyas,Shakolyas,32982,Grand Theft Auto V,live,Lisa Light Ep 1 !,1,2023-01-05T20:33:54Z,fr,https://static-cdn.jtvnw.net/previews-ttv/live_user_shakolyas-{width}x{height}.jpg,"['6f655045-9989-4ef7-8f85-1edcec42d648', '52d7e4cc-633d-46f5-818c-bb59102d9549']","['Vtuber', 'Fran√ßais']",False,2023-01-05T23:30:24Z
46472300300,726480348,themoonyverse,themoonyverse,509658,Just Chatting,live,üëëmini jeux | üêà !discord !don !meow,10,2023-01-05T18:56:57Z,fr,https://static-cdn.jtvnw.net/previews-ttv/live_user_themoonyverse-{width}x{height}.jpg,['6f655045-9989-4ef7-8f85-1edcec42d648'],"['Vtuber', 'Fran√ßais']",False,2023-01-05T23:32:51Z
40725607273,136091045,googeumhee,GooGeumHee,509660,Art,live,üç∫üê∞TESTE DE JEU + COLLAB AVEC GABY!~üå± [QC/FR] !vroomvroom üê∏Commissions ouvertes~üåôüå∏ !commissions !discord üê∑,15,2023-01-05T20:27:35Z,fr,https://static-cdn.jtvnw.net/previews-ttv/live_user_googeumhee-{width}x{height}.jpg,['6f655045-9989-4ef7-8f85-1edcec42d648'],"['vtuber', 'qc', 'francais', 'kpop', 'art', 'pastel', 'relax', 'cozy']",True,2023-01-05T23:34:03Z
46473103308,77577144,byrodusel_nvl,ByroDuSel_NVL,263490,Rust,live,"4 guignols qui se balade, mais y en a un qui est cool",1,2023-01-05T20:31:55Z,fr,https://static-cdn.jtvnw.net/previews-ttv/live_user_byrodusel_nvl-{width}x{height}.jpg,"['6f655045-9989-4ef7-8f85-1edcec42d648', '52d7e4cc-633d-46f5-818c-bb59102d9549', 'ff56eeeb-99ed-4a60-93fc-0b3f05d8661e', 'be60ae5e-d52d-4dc4-b2a1-51c351a35f3d', '63e83904-a70b-4709-b963-a37a105d9932']","['Coop', 'France', 'Multijoueur', 'Vtuber', 'Fran√ßais']",False,2023-01-05T23:37:42Z
46472611100,180460948,kyriosu_miritsu,Kyriosu_Miritsu,20596,Dofus,live,[Miritsu] On fini la soir√©e sur Dofus !,5,2023-01-05T19:35:59Z,fr,https://static-cdn.jtvnw.net/previews-ttv/live_user_kyriosu_miritsu-{width}x{height}.jpg,['6f655045-9989-4ef7-8f85-1edcec42d648'],"['Vtuber', 'Miritsu', 'Kyriosu', 'Fran√ßais', 'Multi', 'Farm', 'Feca']",True,2023-01-05T23:44:48Z
46472718508,433385250,octo_verse,Octo_verse,670867987,Pok√©mon Scarlet/Violet,live,(17 shiny) Shiny Hunting et Raid | !commande !discord !swit,1,2023-01-05T19:51:33Z,fr,https://static-cdn.jtvnw.net/previews-ttv/live_user_octo_verse-{width}x{height}.jpg,['6f655045-9989-4ef7-8f85-1edcec42d648'],"['Octoboy', 'Octoverse', 'Vtuber', 'fr', 'speedrun', 'Vtuberfr', 'mariokart8', 'smo', 'avali', 'pok√©mon']",True,2023-01-05T23:47:09Z
46472769884,605401952,ziirconiixyt,ZiirconiixYT,13332,Pok√©mon FireRed/LeafGreen,live,[FR] On commence 2023 en beaut√© !,5,2023-01-05T19:58:00Z,fr,https://static-cdn.jtvnw.net/previews-ttv/live_user_ziirconiixyt-{width}x{height}.jpg,['6f655045-9989-4ef7-8f85-1edcec42d648'],"['Vtuber', 'VtuberFR', 'Homme', 'Il', 'Majeur', 'chill', 'Fran√ßais']",False,2023-01-05T23:48:21Z
46472970028,475801623,schrodingert,Schrodingert,8645,Resident Evil 2,live,se soir on fini re 2 pour la science,1,2023-01-05T20:18:24Z,fr,https://static-cdn.jtvnw.net/previews-ttv/live_user_schrodingert-{width}x{height}.jpg,"['6f655045-9989-4ef7-8f85-1edcec42d648', 'e027fb8b-219e-4959-8240-a4a082be0316', 'be60ae5e-d52d-4dc4-b2a1-51c351a35f3d', '52d7e4cc-633d-46f5-818c-bb59102d9549']","['Vtuber', 'France', 'R√©tro', 'Fran√ßais']",False,2023-01-05T23:50:48Z
46471843804,201723745,aenekotv,AenekoTV,509658,Just Chatting,live,[FR] üí´ DU GOLFüí´ ||  !socials #StreamHer #vtuberFR,3,2023-01-05T17:48:53Z,fr,https://static-cdn.jtvnw.net/previews-ttv/live_user_aenekotv-{width}x{height}.jpg,['6f655045-9989-4ef7-8f85-1edcec42d648'],"['vtuber', 'vtuberFR', 'anime', 'artist', 'fun', 'chill', 'chibi', 'Fran√ßais']",False,2023-01-05T23:53:07Z
